True Image,Generated Image,SSIM,PSNR,LPIPS
data/EuRoC/mav0/cam0/data/1403636579763555584.png,data/EuRoC/mav0/cam1/data/1403636579763555584.png,0.1772150193083362,28.48161332675977,0.34275591373443604
data/EuRoC/mav0/cam0/data/1403636583713555456.png,data/EuRoC/mav0/cam1/data/1403636583713555456.png,0.18445296886991025,28.241783656821546,0.32327893376350403
data/EuRoC/mav0/cam0/data/1403636591463555584.png,data/EuRoC/mav0/cam1/data/1403636591463555584.png,0.1419785837914987,28.097276614949422,0.3445758819580078
Average,,0.16788219065658172,28.273557866176912,0.3368702431519826
